{"total_trades": 1, "wins": 0, "losses": 1, "total_profit": -0.03920000000000001, "start_time": 1767399669.450766}